2020/001/2020-001-00.png,001
2020/001/2020-001-01.png,001
2020/001/2020-001-02.png,001
2020/001/2020-001-03.png,001
2020/001/2020-001-04.png,001
2020/001/2020-001-05.png,001
2020/001/2020-001-06.png,001
2020/001/2020-001-07.png,001
2020/001/2020-001-08.png,001
2020/001/2020-001-09.png,001
2020/001/2020-001-10.png,001
2020/001/2020-001-11.png,001
2020/001/2020-001-12.png,001
2020/001/2020-001-13.png,001
2020/001/2020-001-14.png,001
2020/001/2020-001-15.png,001
2020/001/2020-001-16.png,001
2020/001/2020-001-17.png,001
2020/001/2020-001-18.png,001
2020/001/2020-001-19.png,001
2020/001/2020-001-20.png,001
2020/001/2020-001-21.png,001
2020/001/2020-001-22.png,001
2020/001/2020-001-23.png,001
2020/002/2020-002-00.png,002
2020/002/2020-002-01.png,002
2020/002/2020-002-02.png,002
2020/002/2020-002-03.png,002
2020/002/2020-002-04.png,002
2020/002/2020-002-05.png,002
2020/002/2020-002-06.png,002
2020/002/2020-002-07.png,002
2020/002/2020-002-08.png,002
2020/002/2020-002-09.png,002
2020/002/2020-002-10.png,002
2020/002/2020-002-11.png,002
2020/002/2020-002-12.png,002
2020/002/2020-002-13.png,002
2020/002/2020-002-14.png,002
2020/002/2020-002-15.png,002
2020/002/2020-002-16.png,002
2020/002/2020-002-17.png,002
2020/002/2020-002-18.png,002
2020/002/2020-002-19.png,002
2020/002/2020-002-20.png,002
2020/002/2020-002-21.png,002
2020/002/2020-002-22.png,002
2020/002/2020-002-23.png,002
2020/003/2020-003-00.png,003
2020/003/2020-003-01.png,003
2020/003/2020-003-02.png,003
2020/003/2020-003-03.png,003
2020/003/2020-003-04.png,003
2020/003/2020-003-05.png,003
2020/003/2020-003-06.png,003
2020/003/2020-003-07.png,003
2020/003/2020-003-08.png,003
2020/003/2020-003-09.png,003
2020/003/2020-003-10.png,003
2020/003/2020-003-11.png,003
2020/003/2020-003-12.png,003
2020/003/2020-003-13.png,003
2020/003/2020-003-14.png,003
2020/003/2020-003-15.png,003
2020/003/2020-003-16.png,003
2020/003/2020-003-17.png,003
2020/003/2020-003-18.png,003
2020/003/2020-003-19.png,003
2020/003/2020-003-20.png,003
2020/003/2020-003-21.png,003
2020/003/2020-003-22.png,003
2020/003/2020-003-23.png,003
2020/004/2020-004-00.png,004
2020/004/2020-004-01.png,004
2020/004/2020-004-02.png,004
2020/004/2020-004-03.png,004
2020/004/2020-004-04.png,004
2020/004/2020-004-05.png,004
2020/004/2020-004-06.png,004
2020/004/2020-004-07.png,004
2020/004/2020-004-08.png,004
2020/004/2020-004-09.png,004
2020/004/2020-004-10.png,004
2020/004/2020-004-11.png,004
2020/004/2020-004-12.png,004
2020/004/2020-004-13.png,004
2020/004/2020-004-14.png,004
2020/004/2020-004-15.png,004
2020/004/2020-004-16.png,004
2020/004/2020-004-17.png,004
2020/004/2020-004-18.png,004
2020/004/2020-004-19.png,004
2020/004/2020-004-20.png,004
2020/004/2020-004-21.png,004
2020/004/2020-004-22.png,004
2020/004/2020-004-23.png,004
2020/005/2020-005-00.png,005
2020/005/2020-005-01.png,005
2020/005/2020-005-02.png,005
2020/005/2020-005-03.png,005
2020/005/2020-005-04.png,005
2020/005/2020-005-05.png,005
2020/005/2020-005-06.png,005
2020/005/2020-005-07.png,005
2020/005/2020-005-08.png,005
2020/005/2020-005-09.png,005
2020/005/2020-005-10.png,005
2020/005/2020-005-11.png,005
2020/005/2020-005-12.png,005
2020/005/2020-005-13.png,005
2020/005/2020-005-14.png,005
2020/005/2020-005-15.png,005
2020/005/2020-005-16.png,005
2020/005/2020-005-17.png,005
2020/005/2020-005-18.png,005
2020/005/2020-005-19.png,005
2020/005/2020-005-20.png,005
2020/005/2020-005-21.png,005
2020/005/2020-005-22.png,005
2020/005/2020-005-23.png,005
2020/006/2020-006-00.png,006
2020/006/2020-006-01.png,006
2020/006/2020-006-02.png,006
2020/006/2020-006-03.png,006
2020/006/2020-006-04.png,006
2020/006/2020-006-05.png,006
2020/006/2020-006-06.png,006
2020/006/2020-006-07.png,006
2020/006/2020-006-08.png,006
2020/006/2020-006-09.png,006
2020/006/2020-006-10.png,006
2020/006/2020-006-11.png,006
2020/006/2020-006-12.png,006
2020/006/2020-006-13.png,006
2020/006/2020-006-14.png,006
2020/006/2020-006-15.png,006
2020/006/2020-006-16.png,006
2020/006/2020-006-17.png,006
2020/006/2020-006-18.png,006
2020/006/2020-006-19.png,006
2020/006/2020-006-20.png,006
2020/006/2020-006-21.png,006
2020/006/2020-006-22.png,006
2020/006/2020-006-23.png,006
2020/007/2020-007-00.png,007
2020/007/2020-007-01.png,007
2020/007/2020-007-02.png,007
2020/007/2020-007-03.png,007
2020/007/2020-007-04.png,007
2020/007/2020-007-05.png,007
2020/007/2020-007-06.png,007
2020/007/2020-007-07.png,007
2020/007/2020-007-08.png,007
2020/007/2020-007-09.png,007
2020/007/2020-007-10.png,007
2020/007/2020-007-11.png,007
2020/007/2020-007-12.png,007
2020/007/2020-007-13.png,007
2020/007/2020-007-14.png,007
2020/007/2020-007-15.png,007
2020/007/2020-007-16.png,007
2020/007/2020-007-17.png,007
2020/007/2020-007-18.png,007
2020/007/2020-007-19.png,007
2020/007/2020-007-20.png,007
2020/007/2020-007-21.png,007
2020/007/2020-007-22.png,007
2020/007/2020-007-23.png,007
2020/008/2020-008-00.png,008
2020/008/2020-008-01.png,008
2020/008/2020-008-02.png,008
2020/008/2020-008-03.png,008
2020/008/2020-008-04.png,008
2020/008/2020-008-05.png,008
2020/008/2020-008-06.png,008
2020/008/2020-008-07.png,008
2020/008/2020-008-08.png,008
2020/008/2020-008-09.png,008
2020/008/2020-008-10.png,008
2020/008/2020-008-11.png,008
2020/008/2020-008-12.png,008
2020/008/2020-008-13.png,008
2020/008/2020-008-14.png,008
2020/008/2020-008-15.png,008
2020/008/2020-008-16.png,008
2020/008/2020-008-17.png,008
2020/008/2020-008-18.png,008
2020/008/2020-008-19.png,008
2020/008/2020-008-20.png,008
2020/008/2020-008-21.png,008
2020/008/2020-008-22.png,008
2020/008/2020-008-23.png,008
2020/009/2020-009-00.png,009
2020/009/2020-009-01.png,009
2020/009/2020-009-02.png,009
2020/009/2020-009-03.png,009
2020/009/2020-009-04.png,009
2020/009/2020-009-05.png,009
2020/009/2020-009-06.png,009
2020/009/2020-009-07.png,009
2020/009/2020-009-08.png,009
2020/009/2020-009-09.png,009
2020/009/2020-009-10.png,009
2020/009/2020-009-11.png,009
2020/009/2020-009-12.png,009
2020/009/2020-009-13.png,009
2020/009/2020-009-14.png,009
2020/009/2020-009-15.png,009
2020/009/2020-009-16.png,009
2020/009/2020-009-17.png,009
2020/009/2020-009-18.png,009
2020/009/2020-009-19.png,009
2020/009/2020-009-20.png,009
2020/009/2020-009-21.png,009
2020/009/2020-009-22.png,009
2020/009/2020-009-23.png,009
